{
  "mode": "predictability_horizon",
  "model_type": "larocs_rnn_lstm_envelope",
  "input_stages": [
    "raw",
    "notch",
    "bandpass",
    "rectified",
    "lp_10hz"
  ],
  "target_stage": "lp_10hz",
  "horizons_ms": [
    50.0,
    100.0,
    150.0
  ],
  "suite_manifest_path": "/home/user/Documents/hong/stroke/data/predictability_horizon_suite/suite_manifest.json",
  "horizon_rankings": [
    {
      "horizon_ms": 50.0,
      "ranking_metric": "cnp",
      "rows": [
        {
          "input_stage": "notch",
          "horizon_ms": 50.0,
          "summary_path": "/home/user/Documents/hong/stroke/data/predictability_horizon_suite/notch_to_lp_10hz/horizon_050ms/suite_summary.json",
          "mse": 12475.014689595135,
          "mae": 56.690348204554496,
          "nrmse": 10.72231902812906,
          "pearson_r": 0.014647880306016325,
          "ccc": 0.0023588460760007217,
          "pe": 0.7692911727433975,
          "sampen": 0.41809553190598386,
          "raw_mse": 13117.500922151015,
          "delta_mse_vs_raw": -642.4862325558778,
          "delta_pe_vs_raw": 0.002405594523933804,
          "cnp": 170022.92501559816,
          "rank_by_cnp": 1
        },
        {
          "input_stage": "bandpass",
          "horizon_ms": 50.0,
          "summary_path": "/home/user/Documents/hong/stroke/data/predictability_horizon_suite/bandpass_to_lp_10hz/horizon_050ms/suite_summary.json",
          "mse": 12738.466946916948,
          "mae": 57.42253163155217,
          "nrmse": 10.86300033183781,
          "pearson_r": 0.011700355381072875,
          "ccc": 0.0021139228498175525,
          "pe": 0.7861007644086027,
          "sampen": 0.3808876109677328,
          "raw_mse": 13117.500922151015,
          "delta_mse_vs_raw": -379.0339752340665,
          "delta_pe_vs_raw": 0.019215186189139057,
          "cnp": 34156.327913397974,
          "rank_by_cnp": 2
        },
        {
          "input_stage": "rectified",
          "horizon_ms": 50.0,
          "summary_path": "/home/user/Documents/hong/stroke/data/predictability_horizon_suite/rectified_to_lp_10hz/horizon_050ms/suite_summary.json",
          "mse": 11739.90652236626,
          "mae": 53.91851638134223,
          "nrmse": 8.632819610731008,
          "pearson_r": 0.035933623108635245,
          "ccc": 0.0076202180618312266,
          "pe": 0.8422964226378014,
          "sampen": 0.4011807077316038,
          "raw_mse": 13117.500922151015,
          "delta_mse_vs_raw": -1377.594399784756,
          "delta_pe_vs_raw": 0.07541084441833769,
          "cnp": 18348.910109331675,
          "rank_by_cnp": 3
        },
        {
          "input_stage": "lp_10hz",
          "horizon_ms": 50.0,
          "summary_path": "/home/user/Documents/hong/stroke/data/predictability_horizon_suite/lp_10hz_to_lp_10hz/horizon_050ms/suite_summary.json",
          "mse": 11878.496815071865,
          "mae": 55.06917768621905,
          "nrmse": 9.437701322141843,
          "pearson_r": 0.040091784773154324,
          "ccc": 0.008094094714157363,
          "pe": 0.41540266628880257,
          "sampen": 0.03530751319765633,
          "raw_mse": 13117.500922151015,
          "delta_mse_vs_raw": -1239.00410707915,
          "delta_pe_vs_raw": -0.351482911930661,
          "cnp": 3639.2362011874034,
          "rank_by_cnp": 4
        },
        {
          "input_stage": "raw",
          "horizon_ms": 50.0,
          "summary_path": "/home/user/Documents/hong/stroke/data/predictability_horizon_suite/raw_to_lp_10hz/horizon_050ms/suite_summary.json",
          "mse": 13117.500922151015,
          "mae": 59.767677715043945,
          "nrmse": 12.117776781625043,
          "pearson_r": 0.010232706352550247,
          "ccc": 0.0026135277127392917,
          "pe": 0.7668855782194636,
          "sampen": 0.325970047316022,
          "raw_mse": 13117.500922151015,
          "delta_mse_vs_raw": 0.0,
          "delta_pe_vs_raw": 0.0,
          "cnp": 0.0,
          "rank_by_cnp": 5
        }
      ]
    },
    {
      "horizon_ms": 100.0,
      "ranking_metric": "cnp",
      "rows": [
        {
          "input_stage": "notch",
          "horizon_ms": 100.0,
          "summary_path": "/home/user/Documents/hong/stroke/data/predictability_horizon_suite/notch_to_lp_10hz/horizon_100ms/suite_summary.json",
          "mse": 11983.328101683088,
          "mae": 55.77203278504884,
          "nrmse": 9.94408870769158,
          "pearson_r": 0.011027870242352964,
          "ccc": 0.002067283926557116,
          "pe": 0.7692911727433975,
          "sampen": 0.41809553190598386,
          "raw_mse": 12670.91217649289,
          "delta_mse_vs_raw": -687.5840748098047,
          "delta_pe_vs_raw": 0.002405594523933804,
          "cnp": 226045.65362965458,
          "rank_by_cnp": 1
        },
        {
          "input_stage": "bandpass",
          "horizon_ms": 100.0,
          "summary_path": "/home/user/Documents/hong/stroke/data/predictability_horizon_suite/bandpass_to_lp_10hz/horizon_100ms/suite_summary.json",
          "mse": 12318.016689625963,
          "mae": 57.010706784047336,
          "nrmse": 10.479406279127252,
          "pearson_r": 0.01369973138345161,
          "ccc": 0.0020543808092499394,
          "pe": 0.7861007644086027,
          "sampen": 0.3808876109677328,
          "raw_mse": 12670.91217649289,
          "delta_mse_vs_raw": -352.8954868669269,
          "delta_pe_vs_raw": 0.019215186189139057,
          "cnp": 23093.95659334294,
          "rank_by_cnp": 2
        },
        {
          "input_stage": "rectified",
          "horizon_ms": 100.0,
          "summary_path": "/home/user/Documents/hong/stroke/data/predictability_horizon_suite/rectified_to_lp_10hz/horizon_100ms/suite_summary.json",
          "mse": 12510.3927224166,
          "mae": 57.51403230893398,
          "nrmse": 9.629412600297234,
          "pearson_r": 0.023067846260839988,
          "ccc": 0.003643830262062325,
          "pe": 0.8422964226378014,
          "sampen": 0.4011807077316038,
          "raw_mse": 12670.91217649289,
          "delta_mse_vs_raw": -160.5194540762911,
          "delta_pe_vs_raw": 0.07541084441833769,
          "cnp": 3449.91710917417,
          "rank_by_cnp": 3
        },
        {
          "input_stage": "lp_10hz",
          "horizon_ms": 100.0,
          "summary_path": "/home/user/Documents/hong/stroke/data/predictability_horizon_suite/lp_10hz_to_lp_10hz/horizon_100ms/suite_summary.json",
          "mse": 12473.861303549145,
          "mae": 58.20598025263905,
          "nrmse": 10.067284138183117,
          "pearson_r": 0.027517878119359126,
          "ccc": 0.005136179778109047,
          "pe": 0.41540266628880257,
          "sampen": 0.03530751319765633,
          "raw_mse": 12670.91217649289,
          "delta_mse_vs_raw": -197.05087294374593,
          "delta_pe_vs_raw": -0.351482911930661,
          "cnp": 488.20747291056256,
          "rank_by_cnp": 4
        },
        {
          "input_stage": "raw",
          "horizon_ms": 100.0,
          "summary_path": "/home/user/Documents/hong/stroke/data/predictability_horizon_suite/raw_to_lp_10hz/horizon_100ms/suite_summary.json",
          "mse": 12670.91217649289,
          "mae": 58.42262894638611,
          "nrmse": 10.001971295908763,
          "pearson_r": 0.00782505934535066,
          "ccc": 0.0012559527853293197,
          "pe": 0.7668855782194636,
          "sampen": 0.325970047316022,
          "raw_mse": 12670.91217649289,
          "delta_mse_vs_raw": 0.0,
          "delta_pe_vs_raw": 0.0,
          "cnp": 0.0,
          "rank_by_cnp": 5
        }
      ]
    },
    {
      "horizon_ms": 150.0,
      "ranking_metric": "cnp",
      "rows": [
        {
          "input_stage": "notch",
          "horizon_ms": 150.0,
          "summary_path": "/home/user/Documents/hong/stroke/data/predictability_horizon_suite/notch_to_lp_10hz/horizon_150ms/suite_summary.json",
          "mse": 11250.073043578092,
          "mae": 57.51659856172171,